,avg,f_t,dummy
l1,0.644,0.596,0.5053333333333334
l2,0.652,0.64,0.5133333333333333
l3,0.628,0.66,0.49866666666666665
l4,0.652,0.688,0.5053333333333334
l5,0.66,0.684,0.5080000000000001
l6,0.64,0.648,0.5066666666666667
