,avg,f_t,dummy
l1,0.7988,0.7944,0.7610666666666667
l2,0.7852,0.8032,0.7650666666666667
l3,0.8072,0.81,0.7632
l4,0.8172,0.8176,0.7677333333333334
l5,0.8144,0.8128,0.7649333333333334
l6,0.8084,0.8144,0.7598666666666667
