,avg,f_t,dummy
l1,0.71,0.7128,0.5024000000000001
l2,0.7276,0.728,0.5045333333333333
l3,0.7372,0.7304,0.5013333333333333
l4,0.734,0.74,0.5002666666666666
l5,0.7472,0.7476,0.5010666666666667
l6,0.7436,0.7508,0.5033333333333333
