,avg,f_t,dummy
l1,0.764,0.772,0.776
l2,0.76,0.792,0.788
l3,0.764,0.76,0.78
l4,0.768,0.764,0.7826666666666668
l5,0.764,0.772,0.7746666666666667
l6,0.812,0.836,0.7786666666666667
