,avg,f_t,dummy
l1,0.6144,0.6464,0.5004
l2,0.6552,0.6408,0.5034666666666666
l3,0.6756,0.6952,0.5017333333333334
l4,0.7076,0.7144,0.5014666666666667
l5,0.7444,0.7496,0.5053333333333333
l6,0.7504,0.752,0.5029333333333333
l7,0.7696,0.7524,0.5009333333333333
