,avg,f_t,dummy
l1,0.6,0.572,0.5253333333333333
l2,0.62,0.584,0.504
l3,0.644,0.616,0.5
l4,0.62,0.624,0.5026666666666667
l5,0.624,0.696,0.5026666666666667
l6,0.668,0.628,0.5
l7,0.684,0.692,0.5159999999999999
