,avg,f_t,dummy
l1,0.716,0.704,0.7813333333333334
l2,0.684,0.724,0.776
l3,0.712,0.728,0.7746666666666667
l4,0.728,0.7,0.7813333333333333
l5,0.752,0.772,0.784
l6,0.76,0.808,0.7813333333333334
l7,0.776,0.78,0.7773333333333333
