,avg,f_t,dummy
l1,0.7516,0.758,0.7615999999999999
l2,0.776,0.768,0.7586666666666667
l3,0.7664,0.7844,0.7636
l4,0.7996,0.7976,0.7608
l5,0.796,0.8108,0.7662666666666667
l6,0.8148,0.8076,0.7618666666666667
l7,0.8152,0.82,0.764
