,avg,f_t,dummy
l1,0.5,0.52,0.5746666666666667
l2,0.568,0.6,0.5573333333333333
l3,0.548,0.624,0.576
l4,0.608,0.58,0.58
l5,0.612,0.62,0.568
l6,0.592,0.612,0.5653333333333334
