,avg,f_t,dummy
l1,0.58,0.5888,0.5589333333333333
l2,0.6448,0.6312,0.5550666666666667
l3,0.6688,0.656,0.5562666666666667
l4,0.676,0.68,0.5509333333333333
l5,0.67,0.6964,0.5581333333333334
l6,0.6668,0.6736,0.5581333333333334
