,avg,f_t,dummy
l1,0.5544,0.552,0.5036
l2,0.6264,0.62,0.5005333333333333
l3,0.6592,0.6432,0.504
l4,0.6624,0.6696,0.5042666666666666
l5,0.6748,0.6568,0.5030666666666667
l6,0.668,0.6556,0.5037333333333334
