,avg,f_t,dummy
l1,0.504,0.524,0.5173333333333333
l2,0.604,0.576,0.5080000000000001
l3,0.592,0.608,0.5106666666666666
l4,0.624,0.564,0.5146666666666666
l5,0.592,0.616,0.5053333333333334
l6,0.58,0.58,0.5013333333333334
