,avg,f_t,dummy
l1,0.8616,0.8596,0.5557333333333334
l2,0.9072,0.9072,0.5478666666666667
l3,0.922,0.93,0.5528
l4,0.9332,0.942,0.5569333333333333
l5,0.934,0.9408,0.5558666666666667
l6,0.9376,0.9328,0.554
