,avg,f_t,dummy
l1,0.772,0.776,0.5106666666666666
l2,0.796,0.812,0.5013333333333334
l3,0.84,0.844,0.504
l4,0.88,0.912,0.5119999999999999
l5,0.884,0.884,0.5186666666666666
l6,0.92,0.92,0.504
