,avg,f_t,dummy
l1,0.8492,0.8488,0.5024
l2,0.888,0.8864,0.5005333333333333
l3,0.928,0.9236,0.5034666666666667
l4,0.9388,0.9404,0.5009333333333333
l5,0.9448,0.9372,0.5013333333333333
l6,0.9376,0.9424,0.5026666666666667
