,avg,f_t,dummy
l1,0.796,0.796,0.5266666666666666
l2,0.868,0.856,0.5226666666666666
l3,0.844,0.872,0.52
l4,0.884,0.88,0.5346666666666666
l5,0.888,0.884,0.5306666666666666
l6,0.92,0.912,0.5346666666666666
