,avg,f_t,dummy
l1,0.624,0.648,0.5359999999999999
l2,0.656,0.648,0.5479999999999999
l3,0.728,0.692,0.5413333333333334
l4,0.808,0.796,0.5359999999999999
l5,0.828,0.816,0.54
l6,0.904,0.836,0.5333333333333333
l7,0.892,0.876,0.5386666666666666
