,avg,f_t,dummy
l1,0.6904,0.704,0.5013333333333333
l2,0.7204,0.7408,0.5073333333333333
l3,0.7844,0.79,0.5008
l4,0.864,0.854,0.5016
l5,0.8812,0.8924,0.5004000000000001
l6,0.9324,0.9368,0.5046666666666667
l7,0.9252,0.9184,0.5022666666666666
