,avg,f_t,dummy
l1,0.7236,0.7028,0.5505333333333333
l2,0.7304,0.7156,0.5541333333333334
l3,0.794,0.786,0.5530666666666666
l4,0.8632,0.8536,0.5564
l5,0.8784,0.8856,0.5504
l6,0.9244,0.9292,0.5546666666666666
l7,0.9076,0.924,0.552
