,avg,f_t,dummy
l1,0.572,0.616,0.5026666666666667
l2,0.672,0.648,0.5186666666666666
l3,0.748,0.724,0.508
l4,0.772,0.824,0.5186666666666666
l5,0.832,0.88,0.5080000000000001
l6,0.92,0.908,0.5066666666666667
l7,0.86,0.888,0.5133333333333333
