,avg,f_t,dummy
l1,0.7248,0.7196,0.5001333333333333
l2,0.7568,0.766,0.5033333333333333
l3,0.7816,0.7784,0.5017333333333334
l4,0.7988,0.7916,0.5037333333333334
l5,0.812,0.8208,0.5013333333333333
l6,0.826,0.8324,0.5017333333333334
l7,0.832,0.8064,0.5030666666666667
