,avg,f_t,dummy
l1,0.8272,0.8408,0.8009333333333334
l2,0.8304,0.8292,0.8021333333333335
l3,0.8404,0.8424,0.8041333333333334
l4,0.8708,0.8624,0.8019999999999999
l5,0.8684,0.8824,0.8030666666666667
l6,0.8756,0.8824,0.8037333333333333
l7,0.88,0.8572,0.7996
