,avg,f_t,dummy
l1,0.692,0.708,0.5066666666666667
l2,0.668,0.68,0.5026666666666667
l3,0.688,0.716,0.5
l4,0.708,0.756,0.5146666666666666
l5,0.736,0.724,0.5119999999999999
l6,0.752,0.724,0.504
l7,0.772,0.724,0.5093333333333334
