,avg,f_t,dummy
l1,0.776,0.744,0.8053333333333332
l2,0.792,0.768,0.788
l3,0.792,0.816,0.7986666666666667
l4,0.828,0.752,0.7853333333333333
l5,0.808,0.868,0.8039999999999999
l6,0.82,0.836,0.788
l7,0.848,0.848,0.7946666666666667
