,avg,f_t,dummy
l1,0.5128,0.5196,0.5002666666666666
l2,0.5272,0.5252,0.5002666666666666
l3,0.5332,0.5256,0.5032
l4,0.588,0.568,0.5069333333333333
l5,0.626,0.612,0.5033333333333333
l6,0.6188,0.6364,0.5016
l7,0.65,0.6428,0.5006666666666667
