,avg,f_t,dummy
l1,0.488,0.528,0.5546666666666666
l2,0.532,0.5,0.56
l3,0.532,0.532,0.568
l4,0.552,0.604,0.5666666666666667
l5,0.536,0.572,0.564
l6,0.568,0.572,0.5546666666666666
l7,0.608,0.588,0.5626666666666666
