,avg,f_t,dummy
l1,0.5168,0.5228,0.5624
l2,0.5524,0.5556,0.5564
l3,0.554,0.538,0.5568
l4,0.6036,0.5964,0.5565333333333333
l5,0.6496,0.6348,0.5533333333333333
l6,0.6548,0.6584,0.5585333333333333
l7,0.6792,0.6436,0.5506666666666666
