,avg,f_t,dummy
l1,0.516,0.5,0.5013333333333334
l2,0.544,0.5,0.5013333333333334
l3,0.504,0.576,0.504
l4,0.54,0.496,0.5053333333333334
l5,0.572,0.584,0.5013333333333334
l6,0.56,0.62,0.5066666666666667
l7,0.564,0.592,0.5013333333333334
