,avg,f_t,dummy
l1,0.788,0.7932,0.5035999999999999
l2,0.804,0.8084,0.5006666666666667
l3,0.802,0.8148,0.5009333333333333
l4,0.8128,0.828,0.5058666666666667
l5,0.8148,0.82,0.5021333333333333
l6,0.8192,0.8208,0.5012
