,avg,f_t,dummy
l1,0.764,0.708,0.5106666666666666
l2,0.756,0.692,0.5053333333333334
l3,0.716,0.784,0.512
l4,0.732,0.74,0.5026666666666667
l5,0.712,0.76,0.5
l6,0.732,0.728,0.5173333333333333
