,avg,f_t,dummy
l1,0.824,0.816,0.788
l2,0.828,0.832,0.7933333333333333
l3,0.86,0.84,0.7906666666666666
l4,0.808,0.828,0.7893333333333332
l5,0.856,0.828,0.784
l6,0.8,0.808,0.7973333333333334
