,avg,f_t,dummy
l1,0.8616,0.8584,0.8010666666666666
l2,0.862,0.862,0.8078666666666667
l3,0.874,0.8768,0.8024000000000001
l4,0.8792,0.8944,0.8038666666666667
l5,0.8896,0.8804,0.8012
l6,0.8708,0.8776,0.806
